Buildingid,name,lat,lon,description
1,本館,35.72178245,139.4659583,本館です
2,新館,35.72147599,139.46647,新館です
3,南校舎,35.72120698,139.4665203,南校舎です
4,特別教室/センターオフィス,35.72173137,139.4667048,特別教室/センターオフィスです
5,1号館,35.72083581,139.4659415,1号館です
6,2号館,35.72068939,139.4666797,2号館です
7,3号館,35.72061447,139.4669942,3号館です
8,5号館,35.72107417,139.4671872,5号館です
9,6号館,35.72153727,139.4674011,6号館です
10,7号館,35.72218426,139.4672921,7号館です
11,8号館,35.7235747,139.4664723,8号館です
12,大学ホール,35.72232843,139.4666359,大学ホールです
13,記念館,35.72228416,139.4661368,記念館です
14,津田梅子墓所,35.72335337,139.4676174,津田梅子墓所です
15,グラウンド,35.72307981,139.4669188,グラウンドです
16,白梅寮,35.72344756,139.4661931,白梅寮です
17,東寮,35.72310024,139.4660002,東寮です
18,西寮,35.72313769,139.4654675,西寮です
19,星野あい記念図書館,35.72246347,139.4655221,星野あい記念図書館です
20,守衛所,35.72176317,139.4651469,守衛所です
21,津田梅子記念交流館,35.72114002,139.465365,津田梅子記念交流館です
22,ウェルネス館,35.72085058,139.4653273,ウェルネス館です
23,新2号館,35.72085058,139.4653273,2028年度の建物