photo_id,building_name,image_path,caption
1,本館,images/本館/1.png,正面から
2,本館,images/本館/2.png,中庭側から
3,本館,images/本館/3.png,"特徴的な窓

この写真は、本館内部の縦長の窓を写したものと考えられます。

本館には1930年代から残る窓ガラスがあり、公式記事では、当時のガラス特有の細かな気泡が見られるものもあると紹介されています。また、改修時にも元のデザインをできるだけ再現するよう配慮されています。

そのため、この大きな窓から入る自然光も、ハーツホン・ホールの内部の印象的な特徴の一つです。"
4,本館,images/本館/4.png,"夜の本館

夜になると、窓から校舎内部の明かりが漏れ、昼間とはかなり違った雰囲気になります。

写真中央の大きな樹木のイルミネーションと、その背後に連なる本館の窓が写っており、歴史的な校舎と小平キャンパスの豊かな緑が組み合わされた景観になっています。"
5,本館,images/本館/5.png,"本館1階の廊下

最後の写真は、本館内部を特徴づける長い廊下です。

左側に連続する大きな窓
下部のタイル張りの腰壁
木製と思われる扉
吊り下げ式の照明
奥へ続くアーチ状の開口部
赤い絨毯

などが確認できます。

津田塾大学の公式記事でも、**「本館1階の廊下」**が紹介されており、建築当初から時間が止まったような雰囲気を持つ空間として取り上げられています。また、各教室には黒板があり、現在も授業や学生の自習などに利用されています。"
6,2号館,images/2号館/1.png,保健室
7,大学ホール,images/大学ホール/1.png,カフェルポ
8,津田梅子墓所,images/津田梅子墓所/1.png,津田梅子の墓所
9,白梅寮,images/白梅寮/1.png,外観
10,白梅寮,images/白梅寮/2.png,"寮内のエントランス付近です。

左側が大きなガラス面になっていて、外の緑を眺められる開放的な造りになっています。奥にはベンチもあります。"
11,白梅寮,images/白梅寮/3.png,"複数の洗面台と鏡を備えた共用洗面所です。

白梅寮では、

洗面所
トイレ
風呂
キッチン
洗濯設備

などを寮生が共同で使用します。各階に共用キッチンとトイレがあり、共用設備として洗面所、風呂、洗濯機・衣類乾燥機などが用意されています。

したがって、一般的な「浴室・キッチン付きの学生マンション」とはかなり違い、共同生活を前提とした学生寮です。"
12,白梅寮,images/白梅寮/4.png,"テーブルと椅子が配置された共用のラウンジ的な空間です。

大きな窓から光が入り、外の中庭・緑地を眺められるようになっています。食事や休憩、寮生同士の交流などに利用できる空間と考えられます。"
13,白梅寮,images/白梅寮/5.png,"洗濯機と衣類乾燥機が並んだ共用の洗濯スペースです。

写真では複数台の洗濯機・乾燥機がまとまって設置されており、寮生が共同で利用することが分かります。

大学公式の設備一覧にも、共用設備として洗濯機・衣類乾燥機が明記されています。ほかにも掃除機、アイロン、テレビなどが共用備品として用意されています。"
14,白梅寮,images/白梅寮/6.png,"2人部屋の居室

これは白梅寮の居室です。

写真を見ると、1人分のベッドと机・椅子が写っており、窓際に個人用の学習スペースがあります。上部には収納棚があり、机の上や棚には本や日用品などを置けるようになっています。

ただし、現在の白梅寮は全室2人部屋なので、この写真は部屋全体ではなく、2人部屋の一方の居住スペースを撮影したものと見るのが適切です。公式にも「全室2人部屋」と明記されています。

居室には、

ベッド
机
椅子
本棚
クローゼット
エアコン
貴重品ボックス
インターネット接続用LAN端子

が備えられています。寝具やキッチン用品などは各自で用意する方式です。"
15,星野あい記念図書館,images/星野あい記念図書館/1.png,"図書館の閲覧・学習スペースです。

かなり特徴的なのが、一般的な図書館のように小さな机を大量に並べるのではなく、大きな木製の長机を横方向に並べていることです。窓側には大きな開口部があり、自然光を取り入れながら読書・勉強ができる構成になっています。

奥の壁一面には大量の書籍が並んでいます。津田塾大学図書館は、現在約46万冊の図書と3,500タイトル以上の学術雑誌を所蔵しており、和書・洋書を幅広く収集しています。特に世界各地域の社会・教育・歴史、ジェンダー、英米文学、言語学などの資料に力を入れています。

また、現在の図書館は基本的に開架式で、利用者が書架から資料を直接手に取って選べるようになっています。"
16,星野あい記念図書館,images/星野あい記念図書館/2.png,"図書館の外観です。

特徴的なのは、

白い水平的な屋根
大きなガラス窓
建物の外側に見える斜めのX字状の構造部材
建物の周囲に広がる芝生と樹木

です。"
17,星野あい記念図書館,images/星野あい記念図書館/3.png,"書架

3枚目は、いわゆる開架書庫です。

青いカーペットの通路を挟んで両側に高い書架が続いています。ここにも大量の専門書が並んでいます。

現在の館内構成は、

1階：北閲覧室・南閲覧室
2階：津田梅子資料室・貴重本室・南閲覧室
3階：和書
4階：洋書
5階：新聞バックナンバー

となっています。

したがって、この写真は現在の分類でいうと、書架が集中的に配置された資料閲覧エリアのイメージに近いものです。"
18,星野あい記念図書館,images/星野あい記念図書館/4.png,"津田梅子資料室・展示スペース

4枚目は少し性格が違います。

壁に写真や資料が並び、ガラスケースの中にも展示物があります。この写真は、図書館2階に設けられている**「津田梅子資料室」の展示スペース**を写したものと考えられます。

ここでは、

津田梅子本人に関する資料
津田塾大学の歴史
梅子を支えた人々
日本の女子高等教育の歴史
学生生活に関する資料

などが収集・展示されています。

企画展示も行われており、例えば現在の企画展「写真で見る125年」では、津田塾大学125年の歴史を写真資料から振り返る展示が行われています。"
19,津田梅子記念交流館,images/津田梅子記念交流館/1.png,"内部：岡島記念チャペル

この建物の中心的な施設である岡島記念チャペルです。

正面には、

木製の長椅子
正面の祭壇
講壇
十字架
パイプオルガン

などが配置された、非常にシンプルな礼拝空間になっています。

大きな窓から自然光が入り、白い壁と木材を組み合わせた明るい空間です。津田塾大学の公式記事でも、実際のチャペル内部が紹介されており、現在もこの場所が礼拝や講演会などに使用されています。"
20,津田梅子記念交流館,images/津田梅子記念交流館/2.png,"外観
一般的な大学の講義棟とはかなり違って、

低層の建物
大きな窓
木々に囲まれた静かな環境
建物の周囲に植栽や遊歩道
周囲の自然と建物が一体になった配置

という特徴が分かります。"
21,記念館,images/記念館/1.png,"津田塾大学生協（記念館2階）

写真には、文房具、ノート、ファイル、書籍などが並んだ大学生協の購買・書籍部が写っています。

津田塾大学によると、記念館2階の生協では、

書籍
文具
パソコン関連用品
日用品
検定試験の申し込み
自動車教習所の紹介
旅行の申し込み
大学オリジナルグッズ

などを扱っています。つまり、一般的な大学の「購買」にあたる場所ですが、書籍売り場が特に充実しているのが特徴です。

写真を見ると、左側にファイルやノート類、手前に小型の商品、奥にも商品棚が続いており、学生が授業や大学生活で必要とするものを購入する店舗らしい構成になっています。"
22,ウェルネス館,images/ウェルネス館/1.png,外観
23,記念館,images/記念館/2.png,"学生食堂（記念館1階）

こちらは記念館1階の学生食堂です。

現在の学生食堂は「PLUM Terrace」という名称で、単に昼食を食べるだけではなく、学生が勉強したり、友人と話したり、グループで作業したりできる空間として設計されています。

大学の公式説明では、座席が次のように分けられています。

カフェテリアエリア：少人数で利用
ダイナーエリア：大人数で利用
Eat'n'Goエリア：短時間で食事
グループワークエリア：複数人で作業
ラウンジエリア：ゆっくり過ごす

写真では、非常に大きな中央テーブルを中心に、青・白・黄色などの椅子が配置されています。奥や窓際にも小さなテーブルが多数あり、食事・休憩・自習・交流を一つの場所で行えるようにした大学の共用スペースという性格がよく分かります。"
24,3号館,images/3号館/1.png,外観
25,5号館,images/5号館/1.png,外観
26,7号館,images/7号館/1.png,外観
27,7号館,images/7号館/2.png,学外学修・キャリアセンター
28,グラウンド,images/グラウンド/1.png,グラウンド